"article_id"|"headline"|"sentiment"|"sentence_count"|"word_count"
0|"The Week Ahead In Biotech: Conferences, PDUFA Dates And Clinical Trials"|-0.7351|44|549
1|"Recession Risk Is Real For Eurozone ETFs"|0.5414|18|397
2|"IPO Outlook For The Week: Biotechs And Another Virgin Group Addition"|0.9566|11|227
3|"Insider Buys Of The Week: ADM, AT&T, JPMorgan And More"|0.9981|24|608
4|"A Look at Diamond Offshore Drilling's Earnings"|0.91|35|206
5|"Restaurant Brands International Earnings Preview"|0.9313|35|213
6|"Earnings Scheduled For February 11, 2019"|0.998|54|894
7|"Economic Data Scheduled For Monday"|0.3818|10|22
8|"8 Stocks To Watch For February 11, 2019"|0.9932|16|314
9|"66 Biggest Movers From Friday"|0.9984|74|1148
10|"A Peek Into The Markets: US Stock Futures Signal Higher Start On Wall Street"|0.4404|17|271
11|"26 Stocks Moving In Monday's Pre-Market Session"|0.8074|34|539
12|"The Latest From Bezos' Feud With National Enquirer"|-0.8808|23|349
13|"Western Union Faces Macro Headwinds, Guggenheim Says After Q4 Print"|0.9501|18|272
14|"Earnings Potpourri: Coca-Cola, Deere, Cisco Report This Week, But Trade Talks Dominate"|0.9977|30|1576
15|"Fannie Mae And Freddie Mac Saw Massive Increases In Trading Volume In January"|0.9985|240|499
16|"Forward Air Pinched By Higher Purchased Transport Costs, Sees Stiff Challenge Getting Team Drivers"|0.9874|18|687
17|"Cummins Stocks Level-Off As Company Misses EPS, Beats Revenue"|0.9934|25|605
18|"Can Railroads Win At The Green New Deal Game?"|0.9932|19|521
19|"Port Report: U.S.-China Trade War Benefiting Countries Other Than U.S. and China"|0.9704|20|569
20|"Today's Pickup: A Shortage Of Female Logistics Leaders; An Amazon-Aurora Delivery Tie-In?"|0.9102|27|478
21|"How Alleged WHO Recommendations Would Affect International Cannabis Markets"|0.8775|11|590
22|"Mid-Morning Market Update: Markets Edge Higher; Restaurant Brands Beats Q4 Estimates"|0.9867|31|391
23|"EUR/USD Forecast: Ignoring Oversold Conditions And Digging Lower Amid Growing Gloom"|-0.9189|18|429
24|"Bitcoin Bulls Set Eyes On $3,800 Amid Rising Trading Volumes"|0.9686|11|297
25|"GBP/USD Forecast: Sterling To Slide Lower Targeting 1.2850-1.2800 As The UK Manufacturing Slumps"|-0.8531|14|278
26|"Top 3 Price Prediction Bitcoin, Ripple, Ethereum: Markets Calm After Friday's Bullish Explosion, Potential To Continue Rising"|0.9992|31|958
27|"Infrastructure Business Segment Leads Trimble Revenue"|0.9816|12|330
28|"FleetCor Beats Wall Street Consensus"|0.9777|14|283
29|"Mid-Day Market Update: Crude Oil Down Over 2%; NuVasive Shares Spike Higher"|0.9878|31|391
30|"NexTech AR Launches Cannabis Consumer Experience Platform"|0.973|17|300
31|"Amphastar Pharmaceutical Q4 Earnings Preview"|0.9552|36|189
32|"Bellicum Pharmaceuticals Q4 Earnings Preview"|0.1263|35|168
33|"Q4 Earnings Outlook For Sunworks"|0.0772|35|191
34|"Switch Q4 Earnings Preview"|-0.4417|36|214
35|"Pareteum's Q4 Earnings Preview"|0.765|35|178
36|"Earnings Scheduled For March 12, 2019"|0.9794|40|622
37|"Economic Data Scheduled For Tuesday"|0.6486|8|74
38|"7 Stocks To Watch For March 12, 2019"|0.9843|15|292
39|"50 Biggest Movers From Yesterday"|0.9975|58|989
40|"The Daily Biotech Pulse: Zafgen Won't File IND For Metabolic Disorder Drug, Positive Results For Akebia's Anemia Drug"|0.743|58|641
41|"A Peek Into The Markets: US Stock Futures Mostly Higher Ahead Of Consumer Price Index"|-0.8658|18|307
42|"SodaStream CEO Joins The Board Of Seedo, A High-Tech Hemp Startup"|0.9854|16|311
43|"25 Stocks Moving In Tuesday's Pre-Market Session"|-0.875|35|600
44|"Musk Calls SEC Censorship 'Unconstitutional,' Asks Judge To Dismiss Contempt Charge"|-0.981|16|341
